{"ZLPltWN0ZJP/LVMgM3tYHA==":"logo.png","PFW+l9BOn3gwRyfxaQKAig==":"logo-1.png","LMdCUBFHZgUfREZ5gYJBRQ==":"logo-2.png","Fl21bHRmVTNCW/ZoL9Gfqw==":"logo-3.png","am+vJQTUyUQyyLX4a55XSg==":"logo-4.png","8Ie9MKe3kKwydNKh1MpNDw==":"aged-care-banner.jpg","PD8WqVHI/fUwdn63KrVaGA==":"disability-services.jpg","URM7wngfwZg4QbUyrVSXsA==":"aged-care.jpg","Ia4zspCkpnidlFwM4zXnIw==":"domestic-assistance.jpg","9YlvfSzKzj+ybmHb3YU57g==":"disability-transport.jpg","XsBaqYo5MSe+w2i1hlleiQ==":"lawn-mowing-service.jpg","1iCyBPu5LbI69po+eEYyKA==":"reliable-support.jpg","QHN8sbTQ7iynAT1sigvPTQ==":"providence-logo.png","CY2WLmzuOZp4dVnP8cbgFg==":"disability-services-676x451.jpg","+CvdJ42EWFvK54B37edE9w==":"aged-care-676x451.jpg","wIcQw/9WjuM55Y4CwuFFjg==":"domestic-assistance-676x451.jpg","wUwEkzl2BOoOCO4AXdT2lw==":"reliable-support-676x451.jpg","jIyXrQz/SfIQUFH802qJTA==":"lawn-mowing-service-676x451.jpg","Psf9L2Zxq0GRrzBUrZE2vw==":"disability-transport-676x493.jpg","iy3EwKwwpS8kBI6P/NjsSg==":"aged-care-banner-1500x1001.jpg","o/H/czcZKfHrg4Rw631WLA==":"logo-5.png","Qwrmdtk/8YcPu2Rc17z3CA==":"logo-6.png","CeVM4vI0XgTmw8GRrVXvnw==":"providence-logo-358x81.png","pa5Dkwo/T1qgW/t0h+fQvA==":"background5.jpg","sT80Y4RCGNBrSInGgrjIuA==":"background3.jpg","Y23laILLdWfV6huLgudpCw==":"providence-logo-248x248.png","mTkRckJ/24nfW3A0oM2yOw==":"providence-logo-1-248x248.png","z5t4iOMzC6nS1TSKiWxm9A==":"providence-logo-v-580x344.png","q4FzeR9FFxzVDam3BnrE3Q==":"providence-logo-v-580x344.png","xW+MlRpsdQj/a0bPU2GTgA==":"yellow-mountain-logo-295x43.png","JB8Hznw1GRxEu74Isk829g==":"yellow-mountain-full-primary-785x323.png","dBnynwwX3B3+X8ov3k9jNQ==":"yellow-mountain-logo-primary-dark-295x48.png","MTlAdDozi4oytNPBq2lFAQ==":"yellow-mountain-full-primary-747x307.png","UhRDsB/7t351w3LpG0CQYg==":"yellow-mountain-full-primary-light-785x323.png","Oi1oKG1PxtcnHa3YYJe8mQ==":"yellow-mountain-logo-small-192x105.png","DlRUnhLWPiuewWzMMW72cA==":"lawn-mower-676x380.jpg","VqxBU4jmGhcGFT4u05wmmA==":"lawn-mower-676x380.jpeg","flwKfYuqTYjuQ9u3WfSLBA==":"lawn-mower-1-676x380.jpeg","kZaFQYGn6PAfsG/DppjRAQ==":"disability-transport-676x493.jpeg","g1mbosowx3ghwuINzmMmmA==":"dust-pan-676x1016.jpeg","DnRu4znj4PWXhyd+tssUiQ==":"elderly-care-676x451.jpeg","WoY/TysYBgAi5ufJirLefQ==":"disability-care-676x507.jpeg","FqaOLXBOcyvAS2ThzGGelQ==":"vacuum-676x451.jpeg","tADzBsMVYjm/gO/ziGOHZQ==":"gardening-tools-676x507.jpeg","1yYidTJHPdnvOXLqKLX/Cw==":"wheelchair-elderly-2000x1333.jpg"}